{
  "project_info": {
    "project_number": "903270595114",
    "project_id": "tajs-dbed6",
    "storage_bucket": "tajs-dbed6.appspot.com"
  },
  "client": [
    {
      "client_info": {
        "mobilesdk_app_id": "1:903270595114:android:d4a1c899bbe1ecb4bea153",
        "android_client_info": {
          "package_name": "com.sing.taj"
        }
      },
      "oauth_client": [
        {
          "client_id": "903270595114-o54k8veqvebqfg2cudv52nooprkht7so.apps.googleusercontent.com",
          "client_type": 3
        }
      ],
      "api_key": [
        {
          "current_key": "AIzaSyANT0WsEU8JO0yhQmZ2uQTIDmHLF9uhTt4"
        }
      ],
      "services": {
        "appinvite_service": {
          "other_platform_oauth_client": [
            {
              "client_id": "903270595114-o54k8veqvebqfg2cudv52nooprkht7so.apps.googleusercontent.com",
              "client_type": 3
            }
          ]
        }
      }
    }
  ],
  "configuration_version": "1"
}